"File","Statements","Branches","Functions","Lines"
"roomHandlers.ts","0","0","0","0"
"...emHandlers.ts","0","0","0","0"
"...erHandlers.ts","0","0","0","0"
"index.ts","0","0","0","0"
"...geHandlers.ts","0","0","0","0"
"...Management.ts","0","0","0","0"
"...eedCleanup.ts","0","0","0","0"
"...Processing.ts","0","0","0","0"
"types.ts","0","0","0","0"
"...ndHandlers.ts","0","0","0","0"
"...atHandlers.ts","0","0","0","0"
"GameClientV2.tsx","0","0","0","0"
"...Container.tsx","0","0","0","0"
"index.ts","0","0","0","0"
"...inalInput.tsx","0","0","0","0"
"...ssageList.tsx","0","0","0","0"
"PanelManager.tsx","0","0","0","0"
"...ceOverlay.tsx","0","0","0","0"
"...Container.tsx","0","0","0","0"
"...Interface.tsx","0","0","0","0"
"types.ts","0","0","0","0"
"index.ts","0","0","0","0"
"...Connection.ts","0","0","0","0"
"...pdateUtils.ts","0","0","0","0"
"messageUtils.ts","0","0","0","0"
"...MergeUtils.ts","0","0","0","0"
"mythosTime.ts","0","0","0","0"
"testAnsi.ts","0","100","100","0"
"lucidity.ts","0","0","0","0"
"index.ts","0","0","0","0"
"mythosTheme.ts","0","100","100","0"
"...antsPanel.tsx","0","0","0","0"
"...ronization.ts","0","0","0","0"
"...wnHandlers.ts","0","0","0","0"
"...tusEffects.ts","0","0","0","0"
"...eBootstrap.ts","0","0","0","0"
"...nelManager.ts","0","0","0","0"
"...nputPanel.tsx","0","0","0","0"
"...InfoPanel.tsx","0","0","0","0"
"...toryPanel.tsx","0","0","0","0"
"...InfoPanel.tsx","0","0","0","0"
"...toryPanel.tsx","0","0","0","0"
"...itToolbar.tsx","0","0","0","0"
"...EditModal.tsx","0","0","0","0"
"...tionModal.tsx","0","0","0","0"
"...ailsPanel.tsx","0","0","0","0"
"types.ts","0","0","0","0"
"...ectorTest.tsx","0","0","0","0"
"...MapEditor.tsx","0","0","0","0"
"index.ts","0","0","0","0"
"index.ts","0","0","0","0"
"index.ts","0","0","0","0"
"...elpDrawer.tsx","0","100","0","0"
"...erstitial.tsx","0","0","0","0"
"...intsMeter.tsx","0","0","0","0"
"index.ts","0","0","0","0"
"...utManager.tsx","0","0","0","0"
"index.ts","0","0","0","0"
"...MapChanges.ts","0","0","0","0"
"index.ts","0","0","0","0"
"...orSection.tsx","0","0","0","0"
"RoomPanel.tsx","0","0","0","0"
"...ndicators.tsx","0","0","0","0"
"ChatMessage.tsx","0","0","0","0"
"...sagesList.tsx","0","0","0","0"
"...tatistics.tsx","0","0","0","0"
"...oryToggle.tsx","0","100","0","0"
"StyleGuide.tsx","0","100","0","0"
"...tionPanel.tsx","0","0","0","0"
"ChatHeader.tsx","0","0","0","0"
"TerminalCard.tsx","0","0","0","0"
"FeedbackForm.tsx","0","0","0","0"
"PlayerPanel.tsx","0","0","0","0"
"GameLogPanel.tsx","0","0","0","0"
"...ringPanel.tsx","0","0","0","0"
"ExitEdge.tsx","11.76","0","0","12.5"
"RoomNode.tsx","12","0","0","12"
"MapControls.tsx","22.22","41.66","12.5","22.22"
"layout.ts","26.41","39.47","41.66","26.53"
"...ctionNode.tsx","33.33","0","0","33.33"
"...ablePanel.tsx","41.41","40.57","42.85","40.72"
"...sentation.tsx","57.14","90","42.85","57.14"
"...tedBanner.tsx","66.66","0","0","66.66"
"...MapViewer.tsx","77.27","48.27","61.53","76.19"
